{
    "library" : [
    {
        "bookId": "B001",
        "author": "J.K. Rowling",
        "issuingPerson": "Alice Smith",
        "issueDate": "2024-07-01",
        "submissionDate": "2024-07-15"
    },
    {
        "bookId": "B002",
        "author": "George Orwell",
        "issuingPerson": "Bob Johnson",
        "issueDate": "2024-07-05",
        "submissionDate": "2024-07-20"
    },
    {
        "bookId": "B003",
        "author": "J.R.R. Tolkien",
        "issuingPerson": "Charlie Brown",
        "issueDate": "2024-07-10",
        "submissionDate": "2024-07-25"
    },
    {
        "bookId": "B004",
        "author": "Jane Austen",
        "issuingPerson": "Diana Prince",
        "issueDate": "2024-07-12",
        "submissionDate": "2024-07-26"
    },
    {
        "bookId": "B005",
        "author": "Agatha Christie",
        "issuingPerson": "Eve Adams",
        "issueDate": "2024-07-15",
        "submissionDate": "2024-07-30"
    },
    {
        "bookId": "B006",
        "author": "Stephen King",
        "issuingPerson": "Frank Castle",
        "issueDate": "2024-07-20",
        "submissionDate": "2024-08-05"
    },
    {
        "bookId": "B007",
        "author": "Mark Twain",
        "issuingPerson": "Grace Kelly",
        "issueDate": "2024-07-22",
        "submissionDate": "2024-08-07"
    },
    {
        "bookId": "B008",
        "author": "F. Scott Fitzgerald",
        "issuingPerson": "Hank Green",
        "issueDate": "2024-07-25",
        "submissionDate": "2024-08-10"
    }
]
}
